date,ns2012,fh2012,sarkozy,hollande
2012-05-06T06:55:00,5,4,4,6
2012-05-06T06:56:00,1,19,7,10
2012-05-06T06:57:00,6,9,5,9
2012-05-06T06:58:00,4,3,8,8
2012-05-06T06:59:00,10,10,14,13
2012-05-06T07:00:00,2,9,11,7
2012-05-06T07:01:00,3,7,13,7
2012-05-06T07:02:00,8,8,4,3
2012-05-06T07:03:00,7,4,8,30
2012-05-06T07:04:00,6,11,11,3
2012-05-06T07:05:00,11,8,11,13
2012-05-06T07:06:00,6,6,10,12
2012-05-06T07:07:00,4,9,4,11
2012-05-06T07:08:00,7,6,3,10
2012-05-06T07:09:00,5,5,9,10
2012-05-06T07:10:00,3,12,8,9
2012-05-06T07:11:00,5,4,6,9
2012-05-06T07:12:00,6,4,6,10
2012-05-06T07:13:00,7,11,7,9
2012-05-06T07:14:00,7,10,9,12
2012-05-06T07:15:00,5,8,3,13
2012-05-06T07:16:00,7,6,9,10
2012-05-06T07:17:00,8,7,7,13
2012-05-06T07:18:00,4,6,10,10
2012-05-06T07:19:00,5,5,8,10
2012-05-06T07:20:00,6,8,7,10
2012-05-06T07:21:00,8,8,7,3
2012-05-06T07:22:00,8,9,10,10
2012-05-06T07:23:00,12,7,8,10
2012-05-06T07:24:00,4,6,7,7
2012-05-06T07:25:00,13,15,6,16
2012-05-06T07:26:00,4,13,5,10
2012-05-06T07:27:00,10,8,10,17
2012-05-06T07:28:00,6,9,5,16
2012-05-06T07:29:00,7,5,1,11
2012-05-06T07:30:00,9,5,10,8
2012-05-06T07:31:00,6,9,6,12
2012-05-06T07:32:00,6,4,8,10
2012-05-06T07:33:00,3,2,9,9
2012-05-06T07:34:00,10,9,8,15
2012-05-06T07:35:00,10,7,4,2
2012-05-06T07:36:00,15,15,14,11
2012-05-06T07:37:00,7,8,9,14
2012-05-06T07:38:00,10,9,11,11
2012-05-06T07:39:00,18,25,7,11
2012-05-06T07:40:00,13,10,6,9
2012-05-06T07:41:00,0,0,0,0
2012-05-06T07:40:00,0,0,0,0
2012-05-06T07:41:00,10,10,7,6
2012-05-06T07:42:00,10,11,6,15
2012-05-06T07:43:00,7,13,8,10
2012-05-06T07:44:00,12,14,11,16
2012-05-06T07:45:00,14,13,13,9
2012-05-06T07:46:00,11,7,9,12
2012-05-06T07:47:00,13,9,13,11
2012-05-06T07:48:00,12,9,9,7
2012-05-06T07:49:00,10,10,9,11
2012-05-06T07:50:00,0,0,0,0
2012-05-06T07:49:00,0,0,1,0
2012-05-06T07:50:00,14,18,12,11
2012-05-06T07:51:00,12,7,11,9
2012-05-06T07:52:00,10,9,6,7
2012-05-06T07:53:00,20,9,6,6
2012-05-06T07:54:00,7,7,8,3
2012-05-06T07:55:00,7,8,8,7
2012-05-06T07:56:00,11,10,7,9
2012-05-06T07:57:00,13,6,5,12
2012-05-06T07:58:00,0,0,0,0
2012-05-06T07:57:00,0,0,0,0
2012-05-06T07:58:00,13,8,8,13
2012-05-06T07:59:00,12,9,9,13
2012-05-06T08:00:00,11,8,10,13
2012-05-06T08:01:00,9,16,9,12
2012-05-06T08:02:00,10,7,6,11
2012-05-06T08:03:00,9,9,2,11
2012-05-06T08:04:00,11,8,7,13
2012-05-06T08:05:00,11,14,4,14
2012-05-06T08:06:00,10,11,10,16
2012-05-06T08:07:00,6,4,12,14
2012-05-06T08:08:00,9,9,10,13
2012-05-06T08:09:00,9,12,13,10
2012-05-06T08:10:00,14,8,8,11
2012-05-06T08:11:00,20,12,25,16
2012-05-06T08:12:00,24,15,19,8
2012-05-06T08:13:00,16,15,17,19
2012-05-06T08:14:00,15,12,12,16
2012-05-06T08:15:00,13,11,16,23
2012-05-06T08:16:00,10,5,13,15
2012-05-06T08:17:00,10,12,13,14
2012-05-06T08:18:00,17,8,13,14
2012-05-06T08:19:00,11,13,10,9
2012-05-06T08:20:00,7,4,15,13
2012-05-06T08:21:00,12,12,10,14
2012-05-06T08:22:00,9,10,17,23
2012-05-06T08:23:00,18,6,18,13
2012-05-06T08:24:00,12,5,15,24
2012-05-06T08:25:00,13,8,22,19
2012-05-06T08:26:00,15,10,20,15
2012-05-06T08:27:00,6,9,14,23
2012-05-06T08:28:00,13,11,20,24
2012-05-06T08:29:00,4,7,17,24
2012-05-06T08:30:00,10,13,20,20
2012-05-06T08:31:00,11,11,17,18
2012-05-06T08:32:00,12,25,16,23
2012-05-06T08:33:00,0,0,0,0
2012-05-06T08:32:00,0,0,0,0
2012-05-06T08:33:00,10,21,13,24
2012-05-06T08:34:00,7,24,11,21
2012-05-06T08:35:00,7,17,15,23
2012-05-06T08:36:00,9,11,18,24
2012-05-06T08:37:00,10,12,21,20
2012-05-06T08:38:00,12,14,19,24
2012-05-06T08:39:00,5,18,18,25
2012-05-06T08:40:00,7,9,14,28
2012-05-06T08:41:00,5,21,15,27
2012-05-06T08:42:00,11,12,8,21
2012-05-06T08:43:00,21,7,20,25
2012-05-06T08:44:00,15,6,7,18
2012-05-06T08:45:00,11,16,15,24
2012-05-06T08:46:00,9,14,17,27
2012-05-06T08:47:00,7,13,20,21
2012-05-06T08:48:00,17,16,14,21
2012-05-06T08:49:00,16,21,10,18
2012-05-06T08:50:00,12,18,12,18
2012-05-06T08:51:00,7,11,15,19
2012-05-06T08:52:00,9,6,18,24
2012-05-06T08:53:00,13,11,17,21
2012-05-06T08:54:00,13,14,27,37
2012-05-06T08:55:00,13,11,32,34
2012-05-06T08:56:00,22,9,32,35
2012-05-06T08:57:00,15,27,22,29
2012-05-06T08:58:00,16,6,19,24
2012-05-06T08:59:00,15,15,10,14
2012-05-06T09:00:00,16,13,29,18
2012-05-06T09:01:00,10,11,19,16
2012-05-06T09:02:00,8,9,18,23
2012-05-06T09:03:00,9,10,20,14
2012-05-06T09:04:00,16,10,14,22
2012-05-06T09:05:00,12,6,19,26
2012-05-06T09:06:00,9,16,11,18
2012-05-06T09:07:00,7,5,19,27
2012-05-06T09:08:00,6,19,22,27
2012-05-06T09:09:00,10,8,12,14
2012-05-06T09:10:00,8,11,18,22
2012-05-06T09:11:00,10,9,18,18
2012-05-06T09:12:00,9,16,18,18
2012-05-06T09:13:00,7,29,14,19
2012-05-06T09:14:00,12,7,25,19
2012-05-06T09:15:00,17,29,17,14
2012-05-06T09:16:00,7,14,13,21
2012-05-06T09:17:00,7,16,24,24
2012-05-06T09:18:00,16,13,26,18
2012-05-06T09:19:00,12,14,16,16
2012-05-06T09:20:00,9,9,15,16
2012-05-06T09:21:00,16,16,23,17
2012-05-06T09:22:00,16,14,21,20
2012-05-06T09:23:00,8,11,20,20
2012-05-06T09:24:00,6,7,27,22
2012-05-06T09:25:00,14,21,26,20
2012-05-06T09:26:00,14,9,29,17
2012-05-06T09:27:00,15,12,28,22
2012-05-06T09:28:00,5,5,19,18
2012-05-06T09:29:00,8,8,21,17
2012-05-06T09:30:00,11,4,22,21
2012-05-06T09:31:00,8,7,23,16
2012-05-06T09:32:00,0,0,0,0
2012-05-06T09:31:00,0,0,0,0
2012-05-06T09:32:00,5,13,23,11
2012-05-06T09:33:00,13,13,22,20
2012-05-06T09:34:00,6,9,20,19
2012-05-06T09:35:00,11,20,33,17
2012-05-06T09:36:00,8,9,25,16
2012-05-06T09:37:00,24,10,24,12
2012-05-06T09:38:00,25,11,34,21
2012-05-06T09:39:00,35,14,23,13
2012-05-06T09:40:00,12,17,23,17
2012-05-06T09:41:00,13,15,26,19
2012-05-06T09:42:00,25,12,21,22
2012-05-06T09:43:00,9,14,20,20
2012-05-06T09:44:00,8,6,26,14
2012-05-06T09:45:00,11,2,28,25
2012-05-06T09:46:00,19,4,27,15
2012-05-06T09:47:00,9,9,28,18
2012-05-06T09:48:00,9,9,30,28
2012-05-06T09:49:00,6,5,23,18
2012-05-06T09:50:00,16,9,29,17
2012-05-06T09:51:00,7,8,25,12
2012-05-06T09:52:00,12,9,31,17
2012-05-06T09:53:00,5,13,26,29
2012-05-06T09:54:00,11,19,30,21
2012-05-06T09:55:00,7,8,32,19
2012-05-06T09:56:00,4,13,24,12
2012-05-06T09:57:00,12,6,15,17
2012-05-06T09:58:00,15,8,25,22
2012-05-06T09:59:00,0,0,0,0
2012-05-06T09:58:00,0,0,0,0
2012-05-06T09:59:00,13,7,27,20
2012-05-06T10:00:00,12,24,23,18
2012-05-06T10:01:00,16,7,27,16
2012-05-06T10:02:00,12,2,22,15
2012-05-06T10:03:00,0,0,0,0
2012-05-06T10:02:00,0,0,0,0
2012-05-06T10:03:00,16,9,22,17
2012-05-06T10:04:00,10,10,18,9
2012-05-06T10:05:00,20,12,25,17
2012-05-06T10:06:00,0,0,0,0
2012-05-06T10:05:00,0,0,0,0
2012-05-06T10:06:00,12,5,22,14
2012-05-06T10:07:00,15,12,15,14
2012-05-06T10:08:00,19,5,22,12
2012-05-06T10:09:00,10,5,21,12
2012-05-06T10:10:00,12,9,21,17
2012-05-06T10:11:00,16,9,18,9
2012-05-06T10:12:00,0,0,0,1
2012-05-06T10:11:00,0,0,0,0
2012-05-06T10:12:00,10,6,24,21
2012-05-06T10:13:00,13,13,20,29
2012-05-06T10:14:00,0,0,0,0
2012-05-06T10:13:00,0,0,0,0
2012-05-06T10:14:00,8,5,28,15
2012-05-06T10:15:00,0,1,0,0
2012-05-06T10:14:00,0,0,0,0
2012-05-06T10:15:00,14,10,23,11
2012-05-06T10:16:00,11,21,12,21
2012-05-06T10:17:00,6,11,20,14
2012-05-06T10:18:00,34,9,15,11
2012-05-06T10:19:00,9,11,21,22
2012-05-06T10:20:00,0,0,0,0
2012-05-06T10:19:00,0,0,0,0
2012-05-06T10:20:00,19,8,17,14
2012-05-06T10:21:00,8,7,19,20
2012-05-06T10:22:00,12,17,19,15
2012-05-06T10:23:00,2,0,0,0
2012-05-06T10:22:00,0,0,0,0
2012-05-06T10:23:00,19,10,14,18
2012-05-06T10:24:00,15,17,25,14
2012-05-06T10:25:00,16,8,32,15
2012-05-06T10:26:00,18,12,14,16
2012-05-06T10:27:00,14,9,20,19
2012-05-06T10:28:00,19,15,17,11
2012-05-06T10:29:00,0,0,0,1
2012-05-06T10:28:00,0,0,0,0
2012-05-06T10:29:00,0,0,0,0
2012-05-06T10:28:00,0,0,0,0
2012-05-06T10:29:00,0,0,0,1
2012-05-06T10:28:00,0,0,0,0
2012-05-06T10:29:00,7,12,19,15
2012-05-06T10:30:00,18,15,28,15
2012-05-06T10:31:00,15,16,31,14
2012-05-06T10:32:00,26,7,21,18
2012-05-06T10:33:00,11,13,28,12
2012-05-06T10:34:00,16,12,30,13
2012-05-06T10:35:00,10,9,17,12
2012-05-06T10:36:00,8,9,16,11
2012-05-06T10:37:00,12,10,24,19
2012-05-06T10:38:00,14,13,14,20
2012-05-06T10:39:00,4,10,20,15
2012-05-06T10:40:00,11,7,19,11
2012-05-06T10:41:00,7,4,19,19
2012-05-06T10:42:00,8,6,13,17
2012-05-06T10:43:00,17,9,18,15
2012-05-06T10:44:00,9,7,14,18
2012-05-06T10:45:00,11,6,12,16
2012-05-06T10:46:00,9,10,16,19
2012-05-06T10:47:00,10,10,21,25
2012-05-06T10:48:00,12,7,25,30
2012-05-06T10:49:00,17,6,10,17
2012-05-06T10:50:00,33,13,10,12
2012-05-06T10:51:00,13,14,15,17
2012-05-06T10:52:00,10,12,21,17
2012-05-06T10:53:00,8,8,15,16
2012-05-06T10:54:00,10,14,24,20
2012-05-06T10:55:00,28,5,18,16
2012-05-06T10:56:00,11,6,18,9
2012-05-06T10:57:00,10,7,27,13
2012-05-06T10:58:00,14,12,23,14
2012-05-06T10:59:00,7,4,20,17
2012-05-06T11:00:00,4,10,24,21
2012-05-06T11:01:00,0,0,0,0
2012-05-06T11:00:00,0,0,0,0
2012-05-06T11:01:00,1,3,0,0
2012-05-06T11:00:00,0,0,0,0
2012-05-06T11:01:00,10,5,28,18
2012-05-06T11:02:00,9,10,22,20
2012-05-06T11:03:00,18,8,23,19
2012-05-06T11:04:00,0,0,0,0
2012-05-06T11:03:00,0,0,0,0
2012-05-06T11:04:00,17,8,22,18
2012-05-06T11:05:00,21,8,18,16
2012-05-06T11:06:00,13,7,23,16
2012-05-06T11:07:00,15,10,24,22
2012-05-06T11:08:00,14,9,31,17
2012-05-06T11:09:00,10,10,26,18
2012-05-06T11:10:00,0,0,0,0
2012-05-06T11:09:00,0,0,0,0
2012-05-06T11:10:00,8,7,21,17
2012-05-06T11:11:00,0,0,0,0
2012-05-06T11:10:00,0,0,0,0
2012-05-06T11:11:00,14,9,23,13
2012-05-06T11:12:00,13,9,23,19
2012-05-06T11:13:00,0,2,1,2
2012-05-06T11:12:00,0,0,0,0
2012-05-06T11:13:00,0,0,1,0
2012-05-06T11:12:00,0,0,0,0
2012-05-06T11:13:00,12,17,27,20
2012-05-06T11:14:00,10,11,25,10
2012-05-06T11:15:00,13,12,14,8
2012-05-06T11:16:00,10,8,21,12
2012-05-06T11:17:00,12,18,22,11
2012-05-06T11:18:00,10,16,11,7
2012-05-06T11:19:00,14,16,22,5
2012-05-06T11:20:00,21,12,22,18
2012-05-06T11:21:00,9,18,16,10
2012-05-06T11:22:00,8,22,12,19
2012-05-06T11:23:00,9,18,14,19
2012-05-06T11:24:00,0,0,0,2
2012-05-06T11:23:00,0,0,0,0
2012-05-06T11:24:00,5,14,16,17
2012-05-06T11:25:00,10,12,16,20
2012-05-06T11:26:00,7,18,27,20
2012-05-06T11:27:00,6,14,16,20
2012-05-06T11:28:00,0,0,0,1
2012-05-06T11:27:00,0,0,0,0
2012-05-06T11:28:00,5,17,14,14
2012-05-06T11:29:00,12,14,13,12
2012-05-06T11:30:00,4,9,26,25
2012-05-06T11:31:00,13,4,25,16
2012-05-06T11:32:00,6,13,20,16
2012-05-06T11:33:00,0,0,0,0
2012-05-06T11:32:00,0,0,0,0
2012-05-06T11:33:00,9,9,28,18
2012-05-06T11:34:00,11,8,18,8
2012-05-06T11:35:00,5,13,26,18
2012-05-06T11:36:00,13,12,14,11
2012-05-06T11:37:00,10,8,22,20
2012-05-06T11:38:00,6,11,14,11
2012-05-06T11:39:00,9,22,22,19
2012-05-06T11:40:00,9,9,31,19
2012-05-06T11:41:00,10,10,35,23
2012-05-06T11:42:00,4,13,21,19
2012-05-06T11:43:00,8,8,28,20
2012-05-06T11:44:00,20,8,18,17
2012-05-06T11:45:00,7,15,19,14
2012-05-06T11:46:00,10,5,37,26
2012-05-06T11:47:00,7,6,24,13
2012-05-06T11:48:00,10,13,23,10
2012-05-06T11:49:00,10,7,25,16
2012-05-06T11:50:00,8,7,23,9
2012-05-06T11:51:00,16,9,32,18
2012-05-06T11:52:00,7,7,20,13
2012-05-06T11:53:00,6,14,22,22
2012-05-06T11:54:00,8,9,25,15
2012-05-06T11:55:00,11,10,22,11
2012-05-06T11:56:00,0,0,0,1
2012-05-06T11:55:00,0,0,1,1
2012-05-06T11:56:00,10,19,24,22
2012-05-06T11:57:00,8,12,20,15
2012-05-06T11:58:00,7,13,14,15
2012-05-06T11:59:00,6,9,29,17
2012-05-06T12:00:00,8,6,16,14
2012-05-06T12:01:00,0,0,0,0
2012-05-06T12:00:00,0,0,0,0
2012-05-06T12:01:00,0,0,0,0
2012-05-06T12:00:00,0,0,0,0
2012-05-06T12:01:00,8,21,18,12
2012-05-06T12:02:00,8,18,21,8
2012-05-06T12:03:00,1,0,1,0
2012-05-06T12:02:00,0,0,0,1
2012-05-06T12:03:00,11,9,31,16
2012-05-06T12:04:00,7,14,34,17
2012-05-06T12:05:00,5,12,24,16
2012-05-06T12:06:00,4,7,17,7
2012-05-06T12:07:00,4,11,31,10
2012-05-06T12:08:00,19,22,13,13
2012-05-06T12:09:00,6,17,16,10
2012-05-06T12:10:00,5,13,17,19
2012-05-06T12:11:00,9,14,19,20
2012-05-06T12:12:00,8,12,19,13
2012-05-06T12:13:00,0,0,0,0
2012-05-06T12:12:00,0,0,0,0
2012-05-06T12:13:00,14,10,20,17
2012-05-06T12:14:00,8,7,13,14
2012-05-06T12:15:00,9,9,23,16
2012-05-06T12:16:00,11,15,37,29
2012-05-06T12:17:00,10,13,21,20
2012-05-06T12:18:00,13,17,30,23
2012-05-06T12:19:00,9,12,20,28
2012-05-06T12:20:00,18,11,20,11
2012-05-06T12:21:00,26,17,26,18
2012-05-06T12:22:00,4,5,21,18
2012-05-06T12:23:00,0,0,0,0
2012-05-06T12:22:00,0,0,0,0
2012-05-06T12:23:00,0,0,0,0
2012-05-06T12:22:00,0,0,0,0
2012-05-06T12:23:00,11,11,20,10
2012-05-06T12:24:00,0,0,0,0
2012-05-06T12:23:00,0,0,0,0
2012-05-06T12:24:00,8,14,24,20
2012-05-06T12:25:00,0,0,0,0
2012-05-06T12:24:00,0,0,0,0
2012-05-06T12:25:00,14,23,15,17
2012-05-06T12:26:00,11,10,18,10
2012-05-06T12:27:00,8,9,14,9
2012-05-06T12:28:00,18,16,28,20
2012-05-06T12:29:00,9,14,20,26
2012-05-06T12:30:00,14,17,23,22
2012-05-06T12:31:00,14,22,19,18
2012-05-06T12:32:00,13,6,23,30
2012-05-06T12:33:00,10,8,24,37
2012-05-06T12:34:00,12,8,25,27
2012-05-06T12:35:00,0,0,1,2
2012-05-06T12:34:00,0,0,0,0
2012-05-06T12:35:00,6,6,21,24
2012-05-06T12:36:00,6,15,15,20
2012-05-06T12:37:00,9,12,29,29
2012-05-06T12:38:00,10,6,26,26
2012-05-06T12:39:00,3,6,13,9
2012-05-06T12:40:00,7,19,21,25
2012-05-06T12:41:00,5,9,16,20
2012-05-06T12:42:00,10,7,21,20
2012-05-06T12:43:00,9,18,12,22
2012-05-06T12:44:00,5,10,12,16
2012-05-06T12:45:00,8,7,16,15
2012-05-06T12:46:00,7,8,17,20
2012-05-06T12:47:00,4,7,27,22
2012-05-06T12:48:00,6,4,16,21
2012-05-06T12:49:00,8,6,22,17
2012-05-06T12:50:00,8,14,20,23
2012-05-06T12:51:00,10,12,21,23
2012-05-06T12:52:00,27,10,16,17
2012-05-06T12:53:00,8,6,12,27
2012-05-06T12:54:00,12,7,19,23
2012-05-06T12:55:00,8,9,21,34
2012-05-06T12:56:00,3,7,23,33
2012-05-06T12:57:00,0,0,0,0
2012-05-06T12:56:00,0,0,0,0
2012-05-06T12:57:00,7,10,13,25
2012-05-06T12:58:00,0,0,0,0
2012-05-06T12:57:00,0,0,0,0
2012-05-06T12:58:00,0,0,0,0
2012-05-06T12:57:00,0,0,0,0
2012-05-06T12:58:00,1,4,19,37
2012-05-06T12:59:00,8,14,19,34
2012-05-06T13:00:00,7,9,13,24
2012-05-06T13:01:00,17,4,20,25
2012-05-06T13:02:00,8,7,17,23
2012-05-06T13:03:00,15,8,12,21
2012-05-06T13:04:00,8,14,17,36
2012-05-06T13:05:00,7,12,11,23
2012-05-06T13:06:00,5,9,16,22
2012-05-06T13:07:00,8,9,15,27
2012-05-06T13:08:00,7,11,23,26
2012-05-06T13:09:00,0,0,0,0
2012-05-06T13:08:00,0,0,0,0
2012-05-06T13:09:00,11,6,16,25
2012-05-06T13:10:00,7,6,15,26
2012-05-06T13:11:00,6,15,10,18
2012-05-06T13:12:00,0,0,0,0
2012-05-06T13:11:00,0,0,0,0
2012-05-06T13:12:00,0,0,1,2
2012-05-06T13:11:00,0,0,0,0
2012-05-06T13:12:00,13,9,25,27
2012-05-06T13:13:00,5,9,20,29
2012-05-06T13:14:00,10,8,19,20
2012-05-06T13:15:00,0,0,0,0
2012-05-06T13:14:00,0,0,0,0
2012-05-06T13:15:00,9,12,14,21
2012-05-06T13:16:00,0,0,0,0
2012-05-06T13:15:00,0,0,0,0
2012-05-06T13:16:00,7,14,19,26
2012-05-06T13:17:00,5,8,10,23
2012-05-06T13:18:00,9,9,17,19
2012-05-06T13:19:00,7,14,11,21
2012-05-06T13:20:00,0,0,0,0
2012-05-06T13:19:00,0,0,0,0
2012-05-06T13:20:00,9,18,19,32
2012-05-06T13:21:00,11,17,13,21
2012-05-06T13:22:00,11,15,20,24
2012-05-06T13:23:00,27,9,25,19
2012-05-06T13:24:00,0,0,0,0
2012-05-06T13:23:00,0,0,0,0
2012-05-06T13:24:00,9,20,9,20
2012-05-06T13:25:00,10,22,19,31
2012-05-06T13:26:00,13,13,24,32
2012-05-06T13:27:00,10,12,21,35
2012-05-06T13:28:00,5,10,21,31
2012-05-06T13:29:00,16,12,16,18
2012-05-06T13:30:00,9,16,17,19
2012-05-06T13:31:00,13,16,10,23
2012-05-06T13:32:00,9,10,10,23
2012-05-06T13:33:00,12,10,18,28
2012-05-06T13:34:00,6,13,17,22
2012-05-06T13:35:00,6,10,14,19
2012-05-06T13:36:00,12,14,18,32
2012-05-06T13:37:00,14,9,24,26
2012-05-06T13:38:00,11,4,14,14
2012-05-06T13:39:00,9,4,21,28
2012-05-06T13:40:00,8,7,18,26
2012-05-06T13:41:00,0,0,0,0
2012-05-06T13:40:00,0,0,0,0
2012-05-06T13:41:00,11,11,12,24
2012-05-06T13:42:00,7,11,10,16
2012-05-06T13:43:00,8,8,23,32
2012-05-06T13:44:00,11,10,33,22
2012-05-06T13:45:00,0,0,0,0
2012-05-06T13:44:00,0,0,0,0
2012-05-06T13:45:00,8,10,34,28
2012-05-06T13:46:00,8,16,25,22
2012-05-06T13:47:00,6,12,22,18
2012-05-06T13:48:00,10,14,13,29
2012-05-06T13:49:00,13,8,18,30
2012-05-06T13:50:00,5,6,19,29
2012-05-06T13:51:00,14,14,24,26
2012-05-06T13:52:00,11,11,22,31
2012-05-06T13:53:00,19,10,21,24
2012-05-06T13:54:00,10,8,28,30
2012-05-06T13:55:00,7,21,23,29
2012-05-06T13:56:00,0,0,0,2
2012-05-06T13:55:00,0,0,0,0
2012-05-06T13:56:00,4,6,24,23
2012-05-06T13:57:00,5,10,11,23
2012-05-06T13:58:00,14,6,26,27
2012-05-06T13:59:00,10,12,20,17
2012-05-06T14:00:00,6,9,27,20
2012-05-06T14:01:00,14,7,35,16
2012-05-06T14:02:00,0,0,0,1
2012-05-06T14:01:00,0,0,0,0
2012-05-06T14:02:00,9,7,26,10
2012-05-06T14:03:00,8,8,21,14
2012-05-06T14:04:00,12,9,19,29
2012-05-06T14:05:00,10,10,36,31
2012-05-06T14:06:00,17,16,22,19
2012-05-06T14:07:00,0,0,0,0
2012-05-06T14:06:00,0,0,0,1
2012-05-06T14:07:00,19,8,30,16
2012-05-06T14:08:00,10,9,22,21
2012-05-06T14:09:00,7,6,18,16
2012-05-06T14:10:00,12,7,31,20
2012-05-06T14:11:00,0,0,0,0
2012-05-06T14:10:00,0,0,0,0
2012-05-06T14:11:00,7,7,19,23
2012-05-06T14:12:00,11,9,33,18
2012-05-06T14:13:00,13,14,25,22
2012-05-06T14:14:00,16,8,21,25
2012-05-06T14:15:00,9,7,39,20
2012-05-06T14:16:00,0,1,0,0
2012-05-06T14:15:00,0,0,0,0
2012-05-06T14:16:00,9,9,27,22
2012-05-06T14:17:00,5,6,21,19
2012-05-06T14:18:00,8,6,17,17
2012-05-06T14:19:00,8,9,25,16
2012-05-06T14:20:00,7,5,27,18
2012-05-06T14:21:00,8,24,29,17
2012-05-06T14:22:00,7,11,10,9
2012-05-06T14:23:00,0,0,0,0
2012-05-06T14:22:00,0,0,0,0
2012-05-06T14:23:00,12,18,28,22
2012-05-06T14:24:00,14,18,15,19
2012-05-06T14:25:00,0,0,0,0
2012-05-06T14:24:00,0,0,0,0
2012-05-06T14:25:00,6,41,20,13
2012-05-06T14:26:00,0,0,0,0
2012-05-06T14:25:00,0,0,0,0
2012-05-06T14:26:00,0,0,0,0
2012-05-06T14:25:00,0,0,0,0
2012-05-06T14:26:00,5,13,17,12
2012-05-06T14:27:00,9,21,17,18
2012-05-06T14:28:00,0,0,3,1
2012-05-06T14:27:00,0,0,0,0
2012-05-06T14:28:00,13,15,25,13
2012-05-06T14:29:00,8,12,22,11
2012-05-06T14:30:00,0,0,0,0
2012-05-06T14:29:00,0,0,0,0
2012-05-06T14:30:00,1,0,2,0
2012-05-06T14:29:00,0,0,0,0
2012-05-06T14:30:00,8,12,18,26
2012-05-06T14:31:00,0,0,1,1
2012-05-06T14:30:00,0,0,0,0
2012-05-06T14:31:00,11,5,14,15
2012-05-06T14:32:00,0,0,0,0
2012-05-06T14:31:00,0,0,0,0
2012-05-06T14:32:00,11,8,27,26
2012-05-06T14:33:00,0,0,2,2
2012-05-06T14:32:00,0,0,0,0
2012-05-06T14:33:00,7,6,22,20
2012-05-06T14:34:00,0,0,0,0
2012-05-06T14:33:00,0,0,0,0
2012-05-06T14:34:00,10,8,26,22
2012-05-06T14:35:00,5,8,19,30
2012-05-06T14:36:00,6,1,33,23
2012-05-06T14:37:00,6,8,17,17
2012-05-06T14:38:00,4,7,26,19
2012-05-06T14:39:00,4,10,24,18
2012-05-06T14:40:00,7,13,21,19
2012-05-06T14:41:00,9,17,17,20
2012-05-06T14:42:00,5,14,15,14
2012-05-06T14:43:00,9,7,25,20
2012-05-06T14:44:00,7,7,17,17
2012-05-06T14:45:00,0,0,1,1
2012-05-06T14:44:00,0,0,0,0
2012-05-06T14:45:00,5,17,20,24
2012-05-06T14:46:00,10,10,23,29
2012-05-06T14:47:00,13,16,20,21
2012-05-06T14:48:00,16,15,19,29
2012-05-06T14:49:00,9,11,17,32
2012-05-06T14:50:00,7,15,21,19
2012-05-06T14:51:00,0,0,0,1
2012-05-06T14:50:00,0,0,0,0
2012-05-06T14:51:00,12,10,23,24
2012-05-06T14:52:00,11,18,19,27
2012-05-06T14:53:00,0,0,0,0
2012-05-06T14:52:00,0,0,0,0
2012-05-06T14:53:00,0,0,0,0
2012-05-06T14:52:00,0,0,0,0
2012-05-06T14:53:00,8,16,25,23
2012-05-06T14:54:00,0,0,0,0
2012-05-06T14:53:00,0,0,0,0
2012-05-06T14:54:00,11,17,16,34
2012-05-06T14:55:00,16,18,13,17
2012-05-06T14:56:00,0,0,1,0
2012-05-06T14:55:00,0,0,0,0
2012-05-06T14:56:00,9,27,23,25
2012-05-06T14:57:00,13,25,28,25
2012-05-06T14:58:00,11,15,20,17
2012-05-06T14:59:00,16,20,17,25
2012-05-06T15:00:00,9,14,20,25
2012-05-06T15:01:00,10,18,27,22
2012-05-06T15:02:00,7,10,25,22
2012-05-06T15:03:00,6,17,21,28
2012-05-06T15:04:00,6,12,24,34
2012-05-06T15:05:00,8,8,12,20
2012-05-06T15:06:00,0,0,0,0
2012-05-06T15:05:00,0,0,0,0
2012-05-06T15:06:00,12,11,29,28
2012-05-06T15:07:00,11,14,18,12
2012-05-06T15:08:00,8,13,24,17
2012-05-06T15:09:00,6,8,23,21
2012-05-06T15:10:00,0,0,0,0
2012-05-06T15:09:00,0,0,0,0
2012-05-06T15:10:00,9,6,37,23
2012-05-06T15:11:00,5,8,22,17
2012-05-06T15:12:00,16,12,18,9
2012-05-06T15:13:00,0,0,0,0
2012-05-06T15:12:00,0,0,0,0
2012-05-06T15:13:00,11,14,19,26
2012-05-06T15:14:00,7,13,23,23
2012-05-06T15:15:00,7,10,26,18
2012-05-06T15:16:00,0,0,0,0
2012-05-06T15:15:00,0,0,0,1
2012-05-06T15:16:00,6,6,47,25
2012-05-06T15:17:00,0,0,0,0
2012-05-06T15:16:00,0,0,0,0
2012-05-06T15:17:00,7,7,34,18
2012-05-06T15:18:00,10,17,36,22
2012-05-06T15:19:00,12,12,40,37
2012-05-06T15:20:00,9,10,49,35
2012-05-06T15:21:00,0,0,0,0
2012-05-06T15:20:00,0,0,0,0
2012-05-06T15:21:00,14,16,31,21
2012-05-06T15:22:00,14,14,33,23
2012-05-06T15:23:00,2,9,26,23
2012-05-06T15:24:00,7,14,30,35
2012-05-06T15:25:00,15,22,25,37
2012-05-06T15:26:00,5,8,34,31
2012-05-06T15:27:00,8,9,30,22
2012-05-06T15:28:00,0,0,0,0
2012-05-06T15:27:00,0,0,0,0
2012-05-06T15:28:00,0,1,0,0
2012-05-06T15:27:00,0,0,0,0
2012-05-06T15:28:00,6,10,21,22
2012-05-06T15:29:00,0,0,0,0
2012-05-06T15:28:00,0,0,0,0
2012-05-06T15:29:00,11,14,22,44
2012-05-06T15:30:00,9,11,30,44
2012-05-06T15:31:00,4,24,23,26
2012-05-06T15:32:00,6,12,15,18
2012-05-06T15:33:00,0,0,0,0
2012-05-06T15:32:00,0,0,0,1
2012-05-06T15:33:00,3,8,25,15
2012-05-06T15:34:00,7,11,15,15
2012-05-06T15:35:00,8,12,28,35
2012-05-06T15:36:00,9,16,21,38
2012-05-06T15:37:00,6,13,26,25
2012-05-06T15:38:00,7,11,23,19
2012-05-06T15:39:00,0,0,0,0
2012-05-06T15:38:00,0,0,0,1
2012-05-06T15:39:00,7,24,16,33
2012-05-06T15:40:00,8,8,24,22
2012-05-06T15:41:00,0,0,0,0
2012-05-06T15:40:00,0,0,0,0
2012-05-06T15:41:00,0,0,0,0
2012-05-06T15:40:00,0,0,0,0
2012-05-06T15:41:00,0,0,0,0
2012-05-06T15:40:00,0,0,0,0
2012-05-06T15:41:00,11,11,37,27
2012-05-06T15:42:00,11,16,27,35
2012-05-06T15:43:00,8,12,28,50
2012-05-06T15:44:00,0,0,1,1
2012-05-06T15:43:00,0,0,0,0
2012-05-06T15:44:00,4,15,15,15
2012-05-06T15:45:00,5,5,17,21
2012-05-06T15:46:00,10,10,17,31
2012-05-06T15:47:00,0,0,0,0
2012-05-06T15:46:00,0,0,0,0
2012-05-06T15:47:00,9,9,27,38
2012-05-06T15:48:00,13,11,20,37
2012-05-06T15:49:00,0,0,0,0
2012-05-06T15:48:00,0,0,0,0
2012-05-06T15:49:00,14,20,26,43
2012-05-06T15:50:00,0,0,0,1
2012-05-06T15:49:00,0,0,0,0
2012-05-06T15:50:00,16,14,31,42
2012-05-06T15:51:00,8,15,23,52
2012-05-06T15:52:00,1,1,0,0
2012-05-06T15:51:00,1,0,0,0
2012-05-06T15:52:00,13,14,24,39
2012-05-06T15:53:00,9,10,19,40
2012-05-06T15:54:00,15,16,27,26
2012-05-06T15:55:00,10,14,20,33
2012-05-06T15:56:00,0,0,0,0
2012-05-06T15:55:00,0,0,0,0
2012-05-06T15:56:00,0,0,0,0
2012-05-06T15:55:00,0,0,0,0
2012-05-06T15:56:00,6,26,22,36
2012-05-06T15:57:00,16,22,22,30
2012-05-06T15:58:00,0,1,0,0
2012-05-06T15:57:00,0,0,0,0
2012-05-06T15:58:00,6,19,28,25
2012-05-06T15:59:00,12,15,34,32
2012-05-06T16:00:00,14,17,30,44
2012-05-06T16:01:00,10,13,22,40
2012-05-06T16:02:00,9,15,23,41
2012-05-06T16:03:00,11,16,37,31
2012-05-06T16:04:00,16,21,40,33
2012-05-06T16:05:00,11,13,20,34
2012-05-06T16:06:00,0,0,0,0
2012-05-06T16:05:00,0,0,0,0
2012-05-06T16:06:00,7,25,26,41
2012-05-06T16:07:00,9,25,27,24
2012-05-06T16:08:00,10,20,43,38
2012-05-06T16:09:00,0,0,0,0
2012-05-06T16:08:00,0,0,0,0
2012-05-06T16:09:00,0,0,0,0
2012-05-06T16:08:00,0,0,0,0
2012-05-06T16:09:00,13,40,29,41
2012-05-06T16:10:00,0,0,0,0
2012-05-06T16:09:00,0,0,0,0
2012-05-06T16:10:00,0,0,1,2
2012-05-06T16:09:00,0,0,0,0
2012-05-06T16:10:00,0,0,0,0
2012-05-06T16:09:00,0,0,0,0
2012-05-06T16:10:00,12,29,26,38
2012-05-06T16:11:00,9,18,28,51
2012-05-06T16:12:00,12,22,45,79
2012-05-06T16:13:00,0,0,1,1
2012-05-06T16:12:00,0,0,0,0
2012-05-06T16:13:00,12,21,36,68
2012-05-06T16:14:00,0,0,0,1
2012-05-06T16:13:00,0,0,0,0
2012-05-06T16:14:00,15,15,49,97
2012-05-06T16:15:00,9,15,43,88
2012-05-06T16:16:00,1,0,0,1
2012-05-06T16:15:00,0,0,0,1
2012-05-06T16:16:00,0,0,0,1
2012-05-06T16:15:00,0,0,0,1
2012-05-06T16:16:00,10,23,44,69
2012-05-06T16:17:00,19,14,35,68
2012-05-06T16:18:00,0,0,0,0
2012-05-06T16:17:00,0,0,0,0
2012-05-06T16:18:00,14,23,22,60
2012-05-06T16:19:00,21,27,24,76
2012-05-06T16:20:00,22,26,33,66
2012-05-06T16:21:00,16,18,30,68
2012-05-06T16:22:00,12,20,26,64
2012-05-06T16:23:00,8,19,32,56
2012-05-06T16:24:00,9,13,30,54
2012-05-06T16:25:00,0,0,0,0
2012-05-06T16:24:00,0,0,0,0
2012-05-06T16:25:00,18,18,39,70
2012-05-06T16:26:00,0,0,0,0
2012-05-06T16:25:00,0,0,0,0
2012-05-06T16:26:00,8,15,28,59
2012-05-06T16:27:00,1,1,0,0
2012-05-06T16:26:00,0,0,0,0
2012-05-06T16:27:00,9,15,40,58
2012-05-06T16:28:00,13,9,46,76
2012-05-06T16:29:00,0,0,2,1
2012-05-06T16:28:00,0,0,0,0
2012-05-06T16:29:00,0,0,0,1
2012-05-06T16:28:00,0,0,0,0
2012-05-06T16:29:00,11,18,35,75
2012-05-06T16:30:00,0,0,0,0
2012-05-06T16:29:00,0,0,0,0
2012-05-06T16:30:00,13,14,46,94
2012-05-06T16:31:00,18,14,38,93
2012-05-06T16:32:00,0,0,0,0
2012-05-06T16:31:00,0,1,0,0
2012-05-06T16:32:00,7,11,25,62
2012-05-06T16:33:00,0,0,0,0
2012-05-06T16:32:00,0,0,0,0
2012-05-06T16:33:00,13,24,24,57
2012-05-06T16:34:00,16,13,42,60
2012-05-06T16:35:00,22,20,29,47
2012-05-06T16:36:00,28,21,33,53
2012-05-06T16:37:00,0,0,0,0
2012-05-06T16:36:00,0,0,0,0
2012-05-06T16:37:00,10,14,36,64
2012-05-06T16:38:00,0,0,1,1
2012-05-06T16:37:00,0,0,0,0
2012-05-06T16:38:00,14,25,36,59
2012-05-06T16:39:00,9,19,24,66
2012-05-06T16:40:00,15,21,31,71
2012-05-06T16:41:00,0,0,0,0
2012-05-06T16:40:00,0,0,0,0
2012-05-06T16:41:00,14,34,26,57
2012-05-06T16:42:00,0,0,0,0
2012-05-06T16:41:00,0,0,0,0
2012-05-06T16:42:00,14,15,26,62
2012-05-06T16:43:00,14,21,33,61
2012-05-06T16:44:00,10,19,41,59
2012-05-06T16:45:00,0,0,0,0
2012-05-06T16:44:00,0,0,0,0
2012-05-06T16:45:00,15,21,30,48
2012-05-06T16:46:00,14,17,45,64
2012-05-06T16:47:00,12,17,36,53
2012-05-06T16:48:00,17,23,38,49
2012-05-06T16:49:00,0,0,0,0
2012-05-06T16:48:00,0,0,0,0
2012-05-06T16:49:00,0,0,0,0
2012-05-06T16:48:00,0,0,0,0
2012-05-06T16:49:00,13,34,40,54
2012-05-06T16:50:00,14,24,39,60
2012-05-06T16:51:00,17,18,41,57
2012-05-06T16:52:00,0,1,0,2
2012-05-06T16:51:00,0,0,0,0
2012-05-06T16:52:00,0,0,0,0
2012-05-06T16:51:00,0,0,0,0
2012-05-06T16:52:00,21,30,43,71
2012-05-06T16:53:00,24,33,24,65
2012-05-06T16:54:00,0,0,0,0
2012-05-06T16:53:00,0,0,0,0
2012-05-06T16:54:00,0,0,0,0
2012-05-06T16:53:00,0,0,0,0
2012-05-06T16:54:00,14,28,33,56
2012-05-06T16:55:00,10,35,42,58
2012-05-06T16:56:00,12,35,37,58
2012-05-06T16:57:00,9,21,28,55
2012-05-06T16:58:00,0,1,0,0
2012-05-06T16:57:00,0,0,0,0
2012-05-06T16:58:00,0,0,0,0
2012-05-06T16:57:00,0,0,0,0
2012-05-06T16:58:00,20,26,27,41
2012-05-06T16:59:00,21,44,45,63
2012-05-06T17:00:00,18,31,69,91
2012-05-06T17:01:00,1,1,0,0
2012-05-06T17:00:00,0,1,0,0
2012-05-06T17:01:00,11,18,71,88
2012-05-06T17:02:00,0,0,0,0
2012-05-06T17:01:00,0,0,0,0
2012-05-06T17:02:00,0,0,0,0
2012-05-06T17:01:00,0,0,0,0
2012-05-06T17:02:00,18,22,75,118
2012-05-06T17:03:00,0,0,0,0
2012-05-06T17:02:00,0,0,0,0
2012-05-06T17:03:00,13,21,72,107
2012-05-06T17:04:00,0,0,0,0
2012-05-06T17:03:00,0,0,0,0
2012-05-06T17:04:00,0,0,0,0
2012-05-06T17:03:00,0,0,0,0
2012-05-06T17:04:00,0,0,0,0
2012-05-06T17:03:00,0,0,0,0
2012-05-06T17:04:00,20,24,54,99
2012-05-06T17:05:00,0,0,0,0
2012-05-06T17:04:00,0,0,0,0
2012-05-06T17:05:00,18,25,62,107
2012-05-06T17:06:00,0,0,0,1
2012-05-06T17:05:00,0,0,0,0
2012-05-06T17:06:00,20,23,57,122
2012-05-06T17:07:00,21,23,47,99
2012-05-06T17:08:00,17,29,48,97
2012-05-06T17:09:00,0,0,0,0
2012-05-06T17:08:00,0,0,0,0
2012-05-06T17:09:00,13,28,51,106
2012-05-06T17:10:00,0,0,0,0
2012-05-06T17:09:00,0,0,0,0
2012-05-06T17:10:00,0,0,1,1
2012-05-06T17:09:00,0,0,0,0
2012-05-06T17:10:00,14,32,48,106
2012-05-06T17:11:00,0,0,0,0
2012-05-06T17:10:00,0,0,1,1
2012-05-06T17:11:00,0,0,0,0
2012-05-06T17:10:00,0,0,0,0
2012-05-06T17:11:00,13,29,50,113
2012-05-06T17:12:00,0,0,1,1
2012-05-06T17:11:00,0,0,0,0
2012-05-06T17:12:00,12,26,48,111
2012-05-06T17:13:00,0,0,0,0
2012-05-06T17:12:00,0,0,0,0
2012-05-06T17:13:00,12,28,47,101
2012-05-06T17:14:00,0,0,0,0
2012-05-06T17:13:00,0,0,0,0
2012-05-06T17:14:00,14,23,54,110
2012-05-06T17:15:00,0,0,0,0
2012-05-06T17:14:00,0,0,1,1
2012-05-06T17:15:00,1,1,0,0
2012-05-06T17:14:00,0,0,1,1
2012-05-06T17:15:00,19,28,44,87
2012-05-06T17:16:00,0,0,0,0
2012-05-06T17:15:00,0,0,0,0
2012-05-06T17:16:00,15,29,55,136
2012-05-06T17:17:00,0,0,0,0
2012-05-06T17:16:00,1,0,0,0
2012-05-06T17:17:00,0,0,0,0
2012-05-06T17:16:00,0,0,0,0
2012-05-06T17:17:00,0,0,0,1
2012-05-06T17:16:00,0,0,0,0
2012-05-06T17:17:00,0,0,0,0
2012-05-06T17:16:00,0,0,0,0
2012-05-06T17:17:00,23,36,46,153
2012-05-06T17:18:00,17,36,51,150
2012-05-06T17:19:00,19,22,52,129
2012-05-06T17:20:00,0,1,1,0
2012-05-06T17:19:00,0,0,0,0
2012-05-06T17:20:00,12,23,54,110
2012-05-06T17:21:00,0,0,0,0
2012-05-06T17:20:00,0,0,0,0
2012-05-06T17:21:00,0,0,0,0
2012-05-06T17:20:00,0,1,0,0
2012-05-06T17:21:00,0,1,0,0
2012-05-06T17:20:00,0,0,0,0
2012-05-06T17:21:00,0,0,0,0
2012-05-06T17:20:00,0,0,0,0
2012-05-06T17:21:00,14,25,57,102
2012-05-06T17:22:00,0,0,0,0
2012-05-06T17:21:00,0,0,0,0
2012-05-06T17:22:00,23,29,60,111
2012-05-06T17:23:00,0,0,0,0
2012-05-06T17:22:00,0,0,0,0
2012-05-06T17:23:00,14,29,62,112
2012-05-06T17:24:00,16,14,72,127
2012-05-06T17:25:00,13,35,75,128
2012-05-06T17:26:00,15,33,81,127
2012-05-06T17:27:00,0,0,0,0
2012-05-06T17:26:00,0,0,0,0
2012-05-06T17:27:00,0,0,0,0
2012-05-06T17:26:00,0,0,0,0
2012-05-06T17:27:00,13,29,72,114
2012-05-06T17:28:00,0,0,0,0
2012-05-06T17:27:00,0,0,0,0
2012-05-06T17:28:00,0,0,1,1
2012-05-06T17:27:00,0,0,0,0
2012-05-06T17:28:00,4,24,77,111
2012-05-06T17:29:00,12,22,73,121
2012-05-06T17:30:00,0,0,0,1
2012-05-06T17:29:00,0,1,0,0
2012-05-06T17:30:00,0,0,0,2
2012-05-06T17:29:00,0,0,0,0
2012-05-06T17:30:00,25,32,95,113
2012-05-06T17:31:00,1,0,0,0
2012-05-06T17:30:00,0,0,0,0
2012-05-06T17:31:00,0,0,0,0
2012-05-06T17:30:00,0,0,0,0
2012-05-06T17:31:00,17,27,74,127
2012-05-06T17:32:00,14,25,90,141
2012-05-06T17:33:00,0,0,0,0
2012-05-06T17:32:00,0,0,0,0
2012-05-06T17:33:00,13,25,60,100
2012-05-06T17:34:00,0,0,0,1
2012-05-06T17:33:00,0,0,0,0
2012-05-06T17:34:00,20,27,71,133
2012-05-06T17:35:00,12,28,60,114
2012-05-06T17:36:00,18,31,73,133
2012-05-06T17:37:00,17,21,47,98
2012-05-06T17:38:00,0,0,0,0
2012-05-06T17:37:00,0,0,0,0
2012-05-06T17:38:00,12,30,58,109
2012-05-06T17:39:00,0,0,0,0
2012-05-06T17:38:00,0,0,0,0
2012-05-06T17:39:00,0,0,0,0
2012-05-06T17:38:00,0,0,0,0
2012-05-06T17:39:00,22,34,71,76
2012-05-06T17:40:00,0,0,0,0
2012-05-06T17:39:00,0,0,0,0
2012-05-06T17:40:00,0,0,0,0
2012-05-06T17:39:00,0,0,0,0
2012-05-06T17:40:00,14,34,71,125
2012-05-06T17:41:00,0,0,0,0
2012-05-06T17:40:00,0,0,0,0
2012-05-06T17:41:00,0,0,0,0
2012-05-06T17:40:00,0,0,0,0
2012-05-06T17:41:00,0,0,0,0
2012-05-06T17:40:00,0,0,0,0
2012-05-06T17:41:00,0,0,0,0
2012-05-06T17:40:00,0,1,0,0
2012-05-06T17:41:00,16,30,83,125
2012-05-06T17:42:00,17,20,61,112
2012-05-06T17:43:00,0,0,0,0
2012-05-06T17:42:00,0,0,0,0
2012-05-06T17:43:00,0,0,1,0
2012-05-06T17:42:00,0,0,0,0
2012-05-06T17:43:00,20,41,74,101
2012-05-06T17:44:00,11,36,56,101
2012-05-06T17:45:00,0,0,0,0
2012-05-06T17:44:00,0,0,0,0
2012-05-06T17:45:00,0,0,1,1
2012-05-06T17:44:00,0,0,0,0
2012-05-06T17:45:00,16,37,70,106
2012-05-06T17:46:00,0,0,2,0
2012-05-06T17:45:00,0,0,0,0
2012-05-06T17:46:00,0,0,0,0
2012-05-06T17:45:00,0,0,0,0
2012-05-06T17:46:00,1,0,0,0
2012-05-06T17:45:00,0,0,0,0
2012-05-06T17:46:00,21,27,62,112
2012-05-06T17:47:00,0,0,0,0
2012-05-06T17:46:00,0,0,0,0
2012-05-06T17:47:00,16,28,56,100
2012-05-06T17:48:00,0,0,0,0
2012-05-06T17:47:00,0,0,0,0
2012-05-06T17:48:00,0,1,0,1
2012-05-06T17:47:00,0,0,0,1
2012-05-06T17:48:00,16,42,44,108
2012-05-06T17:49:00,18,41,59,126
2012-05-06T17:50:00,0,0,0,0
2012-05-06T17:49:00,0,0,0,0
2012-05-06T17:50:00,0,0,0,0
2012-05-06T17:49:00,1,1,0,0
2012-05-06T17:50:00,9,35,81,130
2012-05-06T17:51:00,0,0,0,0
2012-05-06T17:50:00,0,0,0,0
2012-05-06T17:51:00,2,16,18,33
